"0","dum_df %>%
  group_by(., Dur) %>% 
  summarize(voice_mean = mean(VoicedUnvoiced), voice_sd = sd(VoicedUnvoiced), 
            train_mean = mean(TrainingGroup), train_sd = sd(TrainingGroup)) %>% 
  knitr::kable(., format = 'markdown')
"
"2","argument is not numeric or logical: returning NA"
"2","argument is not numeric or logical: returning NA"
"2","argument is not numeric or logical: returning NA"
"2","argument is not numeric or logical: returning NA"
"2","argument is not numeric or logical: returning NA"
"2","argument is not numeric or logical: returning NA"
"2","argument is not numeric or logical: returning NA"
"2","argument is not numeric or logical: returning NA"
"2","argument is not numeric or logical: returning NA"
"2","argument is not numeric or logical: returning NA"
"2","argument is not numeric or logical: returning NA"
"2","argument is not numeric or logical: returning NA"
"2","argument is not numeric or logical: returning NA"
"2","argument is not numeric or logical: returning NA"
"2","argument is not numeric or logical: returning NA"
"2","argument is not numeric or logical: returning NA"
"2","argument is not numeric or logical: returning NA"
"2","argument is not numeric or logical: returning NA"
"2","argument is not numeric or logical: returning NA"
"2","argument is not numeric or logical: returning NA"
"2","argument is not numeric or logical: returning NA"
"2","argument is not numeric or logical: returning NA"
"2","argument is not numeric or logical: returning NA"
"2","argument is not numeric or logical: returning NA"
"2","argument is not numeric or logical: returning NA"
"2","argument is not numeric or logical: returning NA"
"2","argument is not numeric or logical: returning NA"
"2","argument is not numeric or logical: returning NA"
"2","argument is not numeric or logical: returning NA"
"2","argument is not numeric or logical: returning NA"
"2","argument is not numeric or logical: returning NA"
"2","argument is not numeric or logical: returning NA"
"2","argument is not numeric or logical: returning NA"
"2","argument is not numeric or logical: returning NA"
"2","argument is not numeric or logical: returning NA"
"2","argument is not numeric or logical: returning NA"
"2","argument is not numeric or logical: returning NA"
"2","argument is not numeric or logical: returning NA"
"2","argument is not numeric or logical: returning NA"
"2","argument is not numeric or logical: returning NA"
"2","argument is not numeric or logical: returning NA"
"2","argument is not numeric or logical: returning NA"
"2","argument is not numeric or logical: returning NA"
"2","argument is not numeric or logical: returning NA"
"2","argument is not numeric or logical: returning NA"
"2","argument is not numeric or logical: returning NA"
"2","argument is not numeric or logical: returning NA"
"2","argument is not numeric or logical: returning NA"
"2","argument is not numeric or logical: returning NA"
"2","argument is not numeric or logical: returning NA"
"2","argument is not numeric or logical: returning NA"
"2","argument is not numeric or logical: returning NA"
"2","argument is not numeric or logical: returning NA"
"2","argument is not numeric or logical: returning NA"
"2","argument is not numeric or logical: returning NA"
"2","argument is not numeric or logical: returning NA"
"2","argument is not numeric or logical: returning NA"
"2","argument is not numeric or logical: returning NA"
"2","argument is not numeric or logical: returning NA"
"2","argument is not numeric or logical: returning NA"
"2","argument is not numeric or logical: returning NA"
"2","argument is not numeric or logical: returning NA"
"2","argument is not numeric or logical: returning NA"
"2","argument is not numeric or logical: returning NA"
"2","argument is not numeric or logical: returning NA"
"2","argument is not numeric or logical: returning NA"
"2","argument is not numeric or logical: returning NA"
"2","argument is not numeric or logical: returning NA"
"2","argument is not numeric or logical: returning NA"
"2","argument is not numeric or logical: returning NA"
"2","argument is not numeric or logical: returning NA"
"2","argument is not numeric or logical: returning NA"
"2","argument is not numeric or logical: returning NA"
"2","argument is not numeric or logical: returning NA"
"2","argument is not numeric or logical: returning NA"
"2","argument is not numeric or logical: returning NA"
"2","argument is not numeric or logical: returning NA"
"2","argument is not numeric or logical: returning NA"
"2","argument is not numeric or logical: returning NA"
"2","argument is not numeric or logical: returning NA"
"2","argument is not numeric or logical: returning NA"
"2","argument is not numeric or logical: returning NA"
"2","argument is not numeric or logical: returning NA"
"2","argument is not numeric or logical: returning NA"
"2","argument is not numeric or logical: returning NA"
"2","argument is not numeric or logical: returning NA"
"2","argument is not numeric or logical: returning NA"
"2","argument is not numeric or logical: returning NA"
"2","argument is not numeric or logical: returning NA"
"2","argument is not numeric or logical: returning NA"
"2","argument is not numeric or logical: returning NA"
"2","argument is not numeric or logical: returning NA"
"2","argument is not numeric or logical: returning NA"
"2","argument is not numeric or logical: returning NA"
"2","argument is not numeric or logical: returning NA"
"2","argument is not numeric or logical: returning NA"
"2","argument is not numeric or logical: returning NA"
"2","argument is not numeric or logical: returning NA"
"2","argument is not numeric or logical: returning NA"
"2","argument is not numeric or logical: returning NA"
"2","argument is not numeric or logical: returning NA"
"2","argument is not numeric or logical: returning NA"
"2","argument is not numeric or logical: returning NA"
"2","argument is not numeric or logical: returning NA"
"2","argument is not numeric or logical: returning NA"
"2","argument is not numeric or logical: returning NA"
"2","argument is not numeric or logical: returning NA"
"2","argument is not numeric or logical: returning NA"
"2","argument is not numeric or logical: returning NA"
"2","argument is not numeric or logical: returning NA"
"2","argument is not numeric or logical: returning NA"
"2","argument is not numeric or logical: returning NA"
"2","argument is not numeric or logical: returning NA"
"2","argument is not numeric or logical: returning NA"
"2","argument is not numeric or logical: returning NA"
"2","argument is not numeric or logical: returning NA"
"2","argument is not numeric or logical: returning NA"
"2","argument is not numeric or logical: returning NA"
"2","argument is not numeric or logical: returning NA"
"2","argument is not numeric or logical: returning NA"
"2","argument is not numeric or logical: returning NA"
"2","argument is not numeric or logical: returning NA"
"2","argument is not numeric or logical: returning NA"
"2","argument is not numeric or logical: returning NA"
"2","argument is not numeric or logical: returning NA"
"2","argument is not numeric or logical: returning NA"
"2","argument is not numeric or logical: returning NA"
"2","argument is not numeric or logical: returning NA"
"2","argument is not numeric or logical: returning NA"
"2","argument is not numeric or logical: returning NA"
"2","argument is not numeric or logical: returning NA"
"2","argument is not numeric or logical: returning NA"
"2","argument is not numeric or logical: returning NA"
"2","argument is not numeric or logical: returning NA"
"2","argument is not numeric or logical: returning NA"
"2","argument is not numeric or logical: returning NA"
"2","argument is not numeric or logical: returning NA"
"2","argument is not numeric or logical: returning NA"
"2","argument is not numeric or logical: returning NA"
"2","argument is not numeric or logical: returning NA"
"2","argument is not numeric or logical: returning NA"
"2","argument is not numeric or logical: returning NA"
"2","argument is not numeric or logical: returning NA"
"2","argument is not numeric or logical: returning NA"
"2","argument is not numeric or logical: returning NA"
"2","argument is not numeric or logical: returning NA"
"2","argument is not numeric or logical: returning NA"
"2","argument is not numeric or logical: returning NA"
"2","argument is not numeric or logical: returning NA"
"2","argument is not numeric or logical: returning NA"
"2","argument is not numeric or logical: returning NA"
"2","argument is not numeric or logical: returning NA"
"2","argument is not numeric or logical: returning NA"
"2","argument is not numeric or logical: returning NA"
"2","argument is not numeric or logical: returning NA"
"2","argument is not numeric or logical: returning NA"
"2","argument is not numeric or logical: returning NA"
"2","argument is not numeric or logical: returning NA"
"2","argument is not numeric or logical: returning NA"
"2","argument is not numeric or logical: returning NA"
"2","argument is not numeric or logical: returning NA"
"2","argument is not numeric or logical: returning NA"
"2","argument is not numeric or logical: returning NA"
"2","argument is not numeric or logical: returning NA"
"2","argument is not numeric or logical: returning NA"
"2","argument is not numeric or logical: returning NA"
"2","argument is not numeric or logical: returning NA"
"2","argument is not numeric or logical: returning NA"
"2","argument is not numeric or logical: returning NA"
"2","argument is not numeric or logical: returning NA"
"2","argument is not numeric or logical: returning NA"
"2","argument is not numeric or logical: returning NA"
"2","argument is not numeric or logical: returning NA"
"2","argument is not numeric or logical: returning NA"
"2","argument is not numeric or logical: returning NA"
"2","argument is not numeric or logical: returning NA"
"2","argument is not numeric or logical: returning NA"
"2","argument is not numeric or logical: returning NA"
"2","argument is not numeric or logical: returning NA"
"2","argument is not numeric or logical: returning NA"
"2","argument is not numeric or logical: returning NA"
"2","argument is not numeric or logical: returning NA"
"2","argument is not numeric or logical: returning NA"
"2","argument is not numeric or logical: returning NA"
"2","argument is not numeric or logical: returning NA"
"2","argument is not numeric or logical: returning NA"
"2","argument is not numeric or logical: returning NA"
"2","argument is not numeric or logical: returning NA"
"2","argument is not numeric or logical: returning NA"
"2","argument is not numeric or logical: returning NA"
"2","argument is not numeric or logical: returning NA"
"2","argument is not numeric or logical: returning NA"
"2","argument is not numeric or logical: returning NA"
"2","argument is not numeric or logical: returning NA"
"2","argument is not numeric or logical: returning NA"
"2","argument is not numeric or logical: returning NA"
"2","argument is not numeric or logical: returning NA"
"2","argument is not numeric or logical: returning NA"
"2","argument is not numeric or logical: returning NA"
"2","argument is not numeric or logical: returning NA"
"2","argument is not numeric or logical: returning NA"
"2","argument is not numeric or logical: returning NA"
"2","argument is not numeric or logical: returning NA"
"2","argument is not numeric or logical: returning NA"
"2","argument is not numeric or logical: returning NA"
"2","argument is not numeric or logical: returning NA"
"2","argument is not numeric or logical: returning NA"
"2","argument is not numeric or logical: returning NA"
"2","argument is not numeric or logical: returning NA"
"2","argument is not numeric or logical: returning NA"
"2","argument is not numeric or logical: returning NA"
"2","argument is not numeric or logical: returning NA"
"2","argument is not numeric or logical: returning NA"
"2","argument is not numeric or logical: returning NA"
"2","argument is not numeric or logical: returning NA"
"2","NAs introduced by coercion"
"2","NAs introduced by coercion"
"2","NAs introduced by coercion"
"2","NAs introduced by coercion"
"2","NAs introduced by coercion"
"2","NAs introduced by coercion"
"2","NAs introduced by coercion"
"2","NAs introduced by coercion"
"2","NAs introduced by coercion"
"2","NAs introduced by coercion"
"2","NAs introduced by coercion"
"2","NAs introduced by coercion"
"2","NAs introduced by coercion"
"2","NAs introduced by coercion"
"2","NAs introduced by coercion"
"2","NAs introduced by coercion"
"2","NAs introduced by coercion"
"2","NAs introduced by coercion"
"2","NAs introduced by coercion"
"2","NAs introduced by coercion"
"2","NAs introduced by coercion"
"2","NAs introduced by coercion"
"2","NAs introduced by coercion"
"2","NAs introduced by coercion"
"2","NAs introduced by coercion"
"2","NAs introduced by coercion"
"2","NAs introduced by coercion"
"2","NAs introduced by coercion"
"2","NAs introduced by coercion"
"2","NAs introduced by coercion"
"2","NAs introduced by coercion"
"2","NAs introduced by coercion"
"2","NAs introduced by coercion"
"2","NAs introduced by coercion"
"2","NAs introduced by coercion"
"2","NAs introduced by coercion"
"2","NAs introduced by coercion"
"2","NAs introduced by coercion"
"2","NAs introduced by coercion"
"2","NAs introduced by coercion"
"2","NAs introduced by coercion"
"2","NAs introduced by coercion"
"2","NAs introduced by coercion"
"2","NAs introduced by coercion"
"2","NAs introduced by coercion"
"2","NAs introduced by coercion"
"2","NAs introduced by coercion"
"2","NAs introduced by coercion"
"2","NAs introduced by coercion"
"2","NAs introduced by coercion"
"2","NAs introduced by coercion"
"2","NAs introduced by coercion"
"2","NAs introduced by coercion"
"2","NAs introduced by coercion"
"2","NAs introduced by coercion"
"2","NAs introduced by coercion"
"2","NAs introduced by coercion"
"2","NAs introduced by coercion"
"2","NAs introduced by coercion"
"2","NAs introduced by coercion"
"2","NAs introduced by coercion"
"2","NAs introduced by coercion"
"2","NAs introduced by coercion"
"2","NAs introduced by coercion"
"2","NAs introduced by coercion"
"2","NAs introduced by coercion"
"2","NAs introduced by coercion"
"2","NAs introduced by coercion"
"2","NAs introduced by coercion"
"2","NAs introduced by coercion"
"2","NAs introduced by coercion"
"2","NAs introduced by coercion"
"2","NAs introduced by coercion"
"2","NAs introduced by coercion"
"2","NAs introduced by coercion"
"2","NAs introduced by coercion"
"2","NAs introduced by coercion"
"2","NAs introduced by coercion"
"2","NAs introduced by coercion"
"2","NAs introduced by coercion"
"2","NAs introduced by coercion"
"2","NAs introduced by coercion"
"2","NAs introduced by coercion"
"2","NAs introduced by coercion"
"2","NAs introduced by coercion"
"2","NAs introduced by coercion"
"2","NAs introduced by coercion"
"2","NAs introduced by coercion"
"2","NAs introduced by coercion"
"2","NAs introduced by coercion"
"2","NAs introduced by coercion"
"2","NAs introduced by coercion"
"2","NAs introduced by coercion"
"2","NAs introduced by coercion"
"2","NAs introduced by coercion"
"2","NAs introduced by coercion"
"2","NAs introduced by coercion"
"2","NAs introduced by coercion"
"2","NAs introduced by coercion"
"2","NAs introduced by coercion"
"2","NAs introduced by coercion"
"2","NAs introduced by coercion"
"2","NAs introduced by coercion"
"2","NAs introduced by coercion"
"2","NAs introduced by coercion"
"2","NAs introduced by coercion"
"2","NAs introduced by coercion"
"2","NAs introduced by coercion"
"2","NAs introduced by coercion"
"2","NAs introduced by coercion"
"2","NAs introduced by coercion"
"2","NAs introduced by coercion"
"2","NAs introduced by coercion"
"2","NAs introduced by coercion"
"2","NAs introduced by coercion"
"2","NAs introduced by coercion"
"2","NAs introduced by coercion"
"2","NAs introduced by coercion"
"2","NAs introduced by coercion"
"2","NAs introduced by coercion"
"2","NAs introduced by coercion"
"2","NAs introduced by coercion"
"2","NAs introduced by coercion"
"2","NAs introduced by coercion"
"2","NAs introduced by coercion"
"2","NAs introduced by coercion"
"2","NAs introduced by coercion"
"2","NAs introduced by coercion"
"2","NAs introduced by coercion"
"2","NAs introduced by coercion"
"2","NAs introduced by coercion"
"2","NAs introduced by coercion"
"2","NAs introduced by coercion"
"2","NAs introduced by coercion"
"2","NAs introduced by coercion"
"2","NAs introduced by coercion"
"2","NAs introduced by coercion"
"2","NAs introduced by coercion"
"2","NAs introduced by coercion"
"2","NAs introduced by coercion"
"2","NAs introduced by coercion"
"2","NAs introduced by coercion"
"2","NAs introduced by coercion"
"2","NAs introduced by coercion"
"2","NAs introduced by coercion"
"2","NAs introduced by coercion"
"2","NAs introduced by coercion"
"2","NAs introduced by coercion"
"2","NAs introduced by coercion"
"2","NAs introduced by coercion"
"2","NAs introduced by coercion"
"2","NAs introduced by coercion"
"2","NAs introduced by coercion"
"2","NAs introduced by coercion"
"2","NAs introduced by coercion"
"2","NAs introduced by coercion"
"2","NAs introduced by coercion"
"2","NAs introduced by coercion"
"2","NAs introduced by coercion"
"2","NAs introduced by coercion"
"2","NAs introduced by coercion"
"2","NAs introduced by coercion"
"2","NAs introduced by coercion"
"2","NAs introduced by coercion"
"2","NAs introduced by coercion"
"2","NAs introduced by coercion"
"2","NAs introduced by coercion"
"2","NAs introduced by coercion"
"2","NAs introduced by coercion"
"2","NAs introduced by coercion"
"2","NAs introduced by coercion"
"2","NAs introduced by coercion"
"2","NAs introduced by coercion"
"2","NAs introduced by coercion"
"2","NAs introduced by coercion"
"2","NAs introduced by coercion"
"2","NAs introduced by coercion"
"2","NAs introduced by coercion"
"2","NAs introduced by coercion"
"2","NAs introduced by coercion"
"2","NAs introduced by coercion"
"2","NAs introduced by coercion"
"2","NAs introduced by coercion"
"2","NAs introduced by coercion"
"2","NAs introduced by coercion"
"2","NAs introduced by coercion"
"2","NAs introduced by coercion"
"2","NAs introduced by coercion"
"2","NAs introduced by coercion"
"2","NAs introduced by coercion"
"2","NAs introduced by coercion"
"2","NAs introduced by coercion"
"2","NAs introduced by coercion"
"2","NAs introduced by coercion"
"2","NAs introduced by coercion"
"2","NAs introduced by coercion"
"2","NAs introduced by coercion"
"2","NAs introduced by coercion"
"2","NAs introduced by coercion"
"2","NAs introduced by coercion"
"2","NAs introduced by coercion"
"2","NAs introduced by coercion"
"2","NAs introduced by coercion"
"2","NAs introduced by coercion"
"2","NAs introduced by coercion"
"2","NAs introduced by coercion"
"2","NAs introduced by coercion"
"2","NAs introduced by coercion"
"2","NAs introduced by coercion"
"2","NAs introduced by coercion"
"2","NAs introduced by coercion"
"2","NAs introduced by coercion"
"2","NAs introduced by coercion"
"2","NAs introduced by coercion"
"2","NAs introduced by coercion"
"2","argument is not numeric or logical: returning NA"
"2","argument is not numeric or logical: returning NA"
"2","argument is not numeric or logical: returning NA"
"2","argument is not numeric or logical: returning NA"
"2","argument is not numeric or logical: returning NA"
"2","argument is not numeric or logical: returning NA"
"2","argument is not numeric or logical: returning NA"
"2","argument is not numeric or logical: returning NA"
"2","argument is not numeric or logical: returning NA"
"2","argument is not numeric or logical: returning NA"
"2","argument is not numeric or logical: returning NA"
"2","argument is not numeric or logical: returning NA"
"2","argument is not numeric or logical: returning NA"
"2","argument is not numeric or logical: returning NA"
"2","argument is not numeric or logical: returning NA"
"2","argument is not numeric or logical: returning NA"
"2","argument is not numeric or logical: returning NA"
"2","argument is not numeric or logical: returning NA"
"2","argument is not numeric or logical: returning NA"
"2","argument is not numeric or logical: returning NA"
"2","argument is not numeric or logical: returning NA"
"2","argument is not numeric or logical: returning NA"
"2","argument is not numeric or logical: returning NA"
"2","argument is not numeric or logical: returning NA"
"2","argument is not numeric or logical: returning NA"
"2","argument is not numeric or logical: returning NA"
"2","argument is not numeric or logical: returning NA"
"2","argument is not numeric or logical: returning NA"
"2","argument is not numeric or logical: returning NA"
"2","argument is not numeric or logical: returning NA"
"2","argument is not numeric or logical: returning NA"
"2","argument is not numeric or logical: returning NA"
"2","argument is not numeric or logical: returning NA"
"2","argument is not numeric or logical: returning NA"
"2","argument is not numeric or logical: returning NA"
"2","argument is not numeric or logical: returning NA"
"2","argument is not numeric or logical: returning NA"
"2","argument is not numeric or logical: returning NA"
"2","argument is not numeric or logical: returning NA"
"2","argument is not numeric or logical: returning NA"
"2","argument is not numeric or logical: returning NA"
"2","argument is not numeric or logical: returning NA"
"2","argument is not numeric or logical: returning NA"
"2","argument is not numeric or logical: returning NA"
"2","argument is not numeric or logical: returning NA"
"2","argument is not numeric or logical: returning NA"
"2","argument is not numeric or logical: returning NA"
"2","argument is not numeric or logical: returning NA"
"2","argument is not numeric or logical: returning NA"
"2","argument is not numeric or logical: returning NA"
"2","argument is not numeric or logical: returning NA"
"2","argument is not numeric or logical: returning NA"
"2","argument is not numeric or logical: returning NA"
"2","argument is not numeric or logical: returning NA"
"2","argument is not numeric or logical: returning NA"
"2","argument is not numeric or logical: returning NA"
"2","argument is not numeric or logical: returning NA"
"2","argument is not numeric or logical: returning NA"
"2","argument is not numeric or logical: returning NA"
"2","argument is not numeric or logical: returning NA"
"2","argument is not numeric or logical: returning NA"
"2","argument is not numeric or logical: returning NA"
"2","argument is not numeric or logical: returning NA"
"2","argument is not numeric or logical: returning NA"
"2","argument is not numeric or logical: returning NA"
"2","argument is not numeric or logical: returning NA"
"2","argument is not numeric or logical: returning NA"
"2","argument is not numeric or logical: returning NA"
"2","argument is not numeric or logical: returning NA"
"2","argument is not numeric or logical: returning NA"
"2","argument is not numeric or logical: returning NA"
"2","argument is not numeric or logical: returning NA"
"2","argument is not numeric or logical: returning NA"
"2","argument is not numeric or logical: returning NA"
"2","argument is not numeric or logical: returning NA"
"2","argument is not numeric or logical: returning NA"
"2","argument is not numeric or logical: returning NA"
"2","argument is not numeric or logical: returning NA"
"2","argument is not numeric or logical: returning NA"
"2","argument is not numeric or logical: returning NA"
"2","argument is not numeric or logical: returning NA"
"2","argument is not numeric or logical: returning NA"
"2","argument is not numeric or logical: returning NA"
"2","argument is not numeric or logical: returning NA"
"2","argument is not numeric or logical: returning NA"
"2","argument is not numeric or logical: returning NA"
"2","argument is not numeric or logical: returning NA"
"2","argument is not numeric or logical: returning NA"
"2","argument is not numeric or logical: returning NA"
"2","argument is not numeric or logical: returning NA"
"2","argument is not numeric or logical: returning NA"
"2","argument is not numeric or logical: returning NA"
"2","argument is not numeric or logical: returning NA"
"2","argument is not numeric or logical: returning NA"
"2","argument is not numeric or logical: returning NA"
"2","argument is not numeric or logical: returning NA"
"2","argument is not numeric or logical: returning NA"
"2","argument is not numeric or logical: returning NA"
"2","argument is not numeric or logical: returning NA"
"2","argument is not numeric or logical: returning NA"
"2","argument is not numeric or logical: returning NA"
"2","argument is not numeric or logical: returning NA"
"2","argument is not numeric or logical: returning NA"
"2","argument is not numeric or logical: returning NA"
"2","argument is not numeric or logical: returning NA"
"2","argument is not numeric or logical: returning NA"
"2","argument is not numeric or logical: returning NA"
"2","argument is not numeric or logical: returning NA"
"2","argument is not numeric or logical: returning NA"
"2","argument is not numeric or logical: returning NA"
"2","argument is not numeric or logical: returning NA"
"2","argument is not numeric or logical: returning NA"
"2","argument is not numeric or logical: returning NA"
"2","argument is not numeric or logical: returning NA"
"2","argument is not numeric or logical: returning NA"
"2","argument is not numeric or logical: returning NA"
"2","argument is not numeric or logical: returning NA"
"2","argument is not numeric or logical: returning NA"
"2","argument is not numeric or logical: returning NA"
"2","argument is not numeric or logical: returning NA"
"2","argument is not numeric or logical: returning NA"
"2","argument is not numeric or logical: returning NA"
"2","argument is not numeric or logical: returning NA"
"2","argument is not numeric or logical: returning NA"
"2","argument is not numeric or logical: returning NA"
"2","argument is not numeric or logical: returning NA"
"2","argument is not numeric or logical: returning NA"
"2","argument is not numeric or logical: returning NA"
"2","argument is not numeric or logical: returning NA"
"2","argument is not numeric or logical: returning NA"
"2","argument is not numeric or logical: returning NA"
"2","argument is not numeric or logical: returning NA"
"2","argument is not numeric or logical: returning NA"
"2","argument is not numeric or logical: returning NA"
"2","argument is not numeric or logical: returning NA"
"2","argument is not numeric or logical: returning NA"
"2","argument is not numeric or logical: returning NA"
"2","argument is not numeric or logical: returning NA"
"2","argument is not numeric or logical: returning NA"
"2","argument is not numeric or logical: returning NA"
"2","argument is not numeric or logical: returning NA"
"2","argument is not numeric or logical: returning NA"
"2","argument is not numeric or logical: returning NA"
"2","argument is not numeric or logical: returning NA"
"2","argument is not numeric or logical: returning NA"
"2","argument is not numeric or logical: returning NA"
"2","argument is not numeric or logical: returning NA"
"2","argument is not numeric or logical: returning NA"
"2","argument is not numeric or logical: returning NA"
"2","argument is not numeric or logical: returning NA"
"2","argument is not numeric or logical: returning NA"
"2","argument is not numeric or logical: returning NA"
"2","argument is not numeric or logical: returning NA"
"2","argument is not numeric or logical: returning NA"
"2","argument is not numeric or logical: returning NA"
"2","argument is not numeric or logical: returning NA"
"2","argument is not numeric or logical: returning NA"
"2","argument is not numeric or logical: returning NA"
"2","argument is not numeric or logical: returning NA"
"2","argument is not numeric or logical: returning NA"
"2","argument is not numeric or logical: returning NA"
"2","argument is not numeric or logical: returning NA"
"2","argument is not numeric or logical: returning NA"
"2","argument is not numeric or logical: returning NA"
"2","argument is not numeric or logical: returning NA"
"2","argument is not numeric or logical: returning NA"
"2","argument is not numeric or logical: returning NA"
"2","argument is not numeric or logical: returning NA"
"2","argument is not numeric or logical: returning NA"
"2","argument is not numeric or logical: returning NA"
"2","argument is not numeric or logical: returning NA"
"2","argument is not numeric or logical: returning NA"
"2","argument is not numeric or logical: returning NA"
"2","argument is not numeric or logical: returning NA"
"2","argument is not numeric or logical: returning NA"
"2","argument is not numeric or logical: returning NA"
"2","argument is not numeric or logical: returning NA"
"2","argument is not numeric or logical: returning NA"
"2","argument is not numeric or logical: returning NA"
"2","argument is not numeric or logical: returning NA"
"2","argument is not numeric or logical: returning NA"
"2","argument is not numeric or logical: returning NA"
"2","argument is not numeric or logical: returning NA"
"2","argument is not numeric or logical: returning NA"
"2","argument is not numeric or logical: returning NA"
"2","argument is not numeric or logical: returning NA"
"2","argument is not numeric or logical: returning NA"
"2","argument is not numeric or logical: returning NA"
"2","argument is not numeric or logical: returning NA"
"2","argument is not numeric or logical: returning NA"
"2","argument is not numeric or logical: returning NA"
"2","argument is not numeric or logical: returning NA"
"2","argument is not numeric or logical: returning NA"
"2","argument is not numeric or logical: returning NA"
"2","argument is not numeric or logical: returning NA"
"2","argument is not numeric or logical: returning NA"
"2","argument is not numeric or logical: returning NA"
"2","argument is not numeric or logical: returning NA"
"2","argument is not numeric or logical: returning NA"
"2","argument is not numeric or logical: returning NA"
"2","argument is not numeric or logical: returning NA"
"2","argument is not numeric or logical: returning NA"
"2","argument is not numeric or logical: returning NA"
"2","argument is not numeric or logical: returning NA"
"2","argument is not numeric or logical: returning NA"
"2","argument is not numeric or logical: returning NA"
"2","argument is not numeric or logical: returning NA"
"2","argument is not numeric or logical: returning NA"
"2","argument is not numeric or logical: returning NA"
"2","argument is not numeric or logical: returning NA"
"2","argument is not numeric or logical: returning NA"
"2","argument is not numeric or logical: returning NA"
"2","argument is not numeric or logical: returning NA"
"2","argument is not numeric or logical: returning NA"
"2","argument is not numeric or logical: returning NA"
"2","NAs introduced by coercion"
"2","NAs introduced by coercion"
"2","NAs introduced by coercion"
"2","NAs introduced by coercion"
"2","NAs introduced by coercion"
"2","NAs introduced by coercion"
"2","NAs introduced by coercion"
"2","NAs introduced by coercion"
"2","NAs introduced by coercion"
"2","NAs introduced by coercion"
"2","NAs introduced by coercion"
"2","NAs introduced by coercion"
"2","NAs introduced by coercion"
"2","NAs introduced by coercion"
"2","NAs introduced by coercion"
"2","NAs introduced by coercion"
"2","NAs introduced by coercion"
"2","NAs introduced by coercion"
"2","NAs introduced by coercion"
"2","NAs introduced by coercion"
"2","NAs introduced by coercion"
"2","NAs introduced by coercion"
"2","NAs introduced by coercion"
"2","NAs introduced by coercion"
"2","NAs introduced by coercion"
"2","NAs introduced by coercion"
"2","NAs introduced by coercion"
"2","NAs introduced by coercion"
"2","NAs introduced by coercion"
"2","NAs introduced by coercion"
"2","NAs introduced by coercion"
"2","NAs introduced by coercion"
"2","NAs introduced by coercion"
"2","NAs introduced by coercion"
"2","NAs introduced by coercion"
"2","NAs introduced by coercion"
"2","NAs introduced by coercion"
"2","NAs introduced by coercion"
"2","NAs introduced by coercion"
"2","NAs introduced by coercion"
"2","NAs introduced by coercion"
"2","NAs introduced by coercion"
"2","NAs introduced by coercion"
"2","NAs introduced by coercion"
"2","NAs introduced by coercion"
"2","NAs introduced by coercion"
"2","NAs introduced by coercion"
"2","NAs introduced by coercion"
"2","NAs introduced by coercion"
"2","NAs introduced by coercion"
"2","NAs introduced by coercion"
"2","NAs introduced by coercion"
"2","NAs introduced by coercion"
"2","NAs introduced by coercion"
"2","NAs introduced by coercion"
"2","NAs introduced by coercion"
"2","NAs introduced by coercion"
"2","NAs introduced by coercion"
"2","NAs introduced by coercion"
"2","NAs introduced by coercion"
"2","NAs introduced by coercion"
"2","NAs introduced by coercion"
"2","NAs introduced by coercion"
"2","NAs introduced by coercion"
"2","NAs introduced by coercion"
"2","NAs introduced by coercion"
"2","NAs introduced by coercion"
"2","NAs introduced by coercion"
"2","NAs introduced by coercion"
"2","NAs introduced by coercion"
"2","NAs introduced by coercion"
"2","NAs introduced by coercion"
"2","NAs introduced by coercion"
"2","NAs introduced by coercion"
"2","NAs introduced by coercion"
"2","NAs introduced by coercion"
"2","NAs introduced by coercion"
"2","NAs introduced by coercion"
"2","NAs introduced by coercion"
"2","NAs introduced by coercion"
"2","NAs introduced by coercion"
"2","NAs introduced by coercion"
"2","NAs introduced by coercion"
"2","NAs introduced by coercion"
"2","NAs introduced by coercion"
"2","NAs introduced by coercion"
"2","NAs introduced by coercion"
"2","NAs introduced by coercion"
"2","NAs introduced by coercion"
"2","NAs introduced by coercion"
"2","NAs introduced by coercion"
"2","NAs introduced by coercion"
"2","NAs introduced by coercion"
"2","NAs introduced by coercion"
"2","NAs introduced by coercion"
"2","NAs introduced by coercion"
"2","NAs introduced by coercion"
"2","NAs introduced by coercion"
"2","NAs introduced by coercion"
"2","NAs introduced by coercion"
"2","NAs introduced by coercion"
"2","NAs introduced by coercion"
"2","NAs introduced by coercion"
"2","NAs introduced by coercion"
"2","NAs introduced by coercion"
"2","NAs introduced by coercion"
"2","NAs introduced by coercion"
"2","NAs introduced by coercion"
"2","NAs introduced by coercion"
"2","NAs introduced by coercion"
"2","NAs introduced by coercion"
"2","NAs introduced by coercion"
"2","NAs introduced by coercion"
"2","NAs introduced by coercion"
"2","NAs introduced by coercion"
"2","NAs introduced by coercion"
"2","NAs introduced by coercion"
"2","NAs introduced by coercion"
"2","NAs introduced by coercion"
"2","NAs introduced by coercion"
"2","NAs introduced by coercion"
"2","NAs introduced by coercion"
"2","NAs introduced by coercion"
"2","NAs introduced by coercion"
"2","NAs introduced by coercion"
"2","NAs introduced by coercion"
"2","NAs introduced by coercion"
"2","NAs introduced by coercion"
"2","NAs introduced by coercion"
"2","NAs introduced by coercion"
"2","NAs introduced by coercion"
"2","NAs introduced by coercion"
"2","NAs introduced by coercion"
"2","NAs introduced by coercion"
"2","NAs introduced by coercion"
"2","NAs introduced by coercion"
"2","NAs introduced by coercion"
"2","NAs introduced by coercion"
"2","NAs introduced by coercion"
"2","NAs introduced by coercion"
"2","NAs introduced by coercion"
"2","NAs introduced by coercion"
"2","NAs introduced by coercion"
"2","NAs introduced by coercion"
"2","NAs introduced by coercion"
"2","NAs introduced by coercion"
"2","NAs introduced by coercion"
"2","NAs introduced by coercion"
"2","NAs introduced by coercion"
"2","NAs introduced by coercion"
"2","NAs introduced by coercion"
"2","NAs introduced by coercion"
"2","NAs introduced by coercion"
"2","NAs introduced by coercion"
"2","NAs introduced by coercion"
"2","NAs introduced by coercion"
"2","NAs introduced by coercion"
"2","NAs introduced by coercion"
"2","NAs introduced by coercion"
"2","NAs introduced by coercion"
"2","NAs introduced by coercion"
"2","NAs introduced by coercion"
"2","NAs introduced by coercion"
"2","NAs introduced by coercion"
"2","NAs introduced by coercion"
"2","NAs introduced by coercion"
"2","NAs introduced by coercion"
"2","NAs introduced by coercion"
"2","NAs introduced by coercion"
"2","NAs introduced by coercion"
"2","NAs introduced by coercion"
"2","NAs introduced by coercion"
"2","NAs introduced by coercion"
"2","NAs introduced by coercion"
"2","NAs introduced by coercion"
"2","NAs introduced by coercion"
"2","NAs introduced by coercion"
"2","NAs introduced by coercion"
"2","NAs introduced by coercion"
"2","NAs introduced by coercion"
"2","NAs introduced by coercion"
"2","NAs introduced by coercion"
"2","NAs introduced by coercion"
"2","NAs introduced by coercion"
"2","NAs introduced by coercion"
"2","NAs introduced by coercion"
"2","NAs introduced by coercion"
"2","NAs introduced by coercion"
"2","NAs introduced by coercion"
"2","NAs introduced by coercion"
"2","NAs introduced by coercion"
"2","NAs introduced by coercion"
"2","NAs introduced by coercion"
"2","NAs introduced by coercion"
"2","NAs introduced by coercion"
"2","NAs introduced by coercion"
"2","NAs introduced by coercion"
"2","NAs introduced by coercion"
"2","NAs introduced by coercion"
"2","NAs introduced by coercion"
"2","NAs introduced by coercion"
"2","NAs introduced by coercion"
"2","NAs introduced by coercion"
"2","NAs introduced by coercion"
"2","NAs introduced by coercion"
"2","NAs introduced by coercion"
"2","NAs introduced by coercion"
"2","NAs introduced by coercion"
"2","NAs introduced by coercion"
"2","NAs introduced by coercion"
"2","NAs introduced by coercion"
"2","NAs introduced by coercion"
"2","NAs introduced by coercion"
"2","NAs introduced by coercion"
"2","NAs introduced by coercion"
